Skill Level,Yarn Brand,Yarn Name,Yarn Weight,Hook Size,Stitches,Color,Category,Pattern Details
Easy Moss Stitch Crochet Baby Blanket,2. Easy,Red Heart,Hygge,Weight 5 - Bulky,6.5 mm (K-10.5),Moss / Linen,,Crochet Baby Blankets
Bobble Crochet Baby Blanket (+7 Bonus Sizes),3. Intermediate,Bernat,Softee Baby,Weight 3 - Light,5 mm (H-8),"Bobble , Half Double Crochet , Single Crochet",Pink,Pink
Textured Puff Stitch Crochet Blanket Pattern,3. Intermediate,Lion Brand,Pound of Love,Weight 4 - Medium,5 mm (H-8),"Puff , Single Crochet",Gray,Gray
Mountain Pine Crochet Tree Blanket,3. Intermediate,Lion Brand,Wool-Ease,Weight 4 - Medium,6 mm (J-10),Half Double Crochet,"Green , Neutral",Green
Corner to Corner Heart Blanket Pattern,3. Intermediate,Lion Brand,Comfy Cotton Blend,Weight 3 - Light,6 mm (J-10),"Double Crochet , Slip Stitch","Brown , Neutral",Brown
Textured Crochet Afghan Pattern (+7 Sizes!),3. Intermediate,Lion Brand,Pound of Love,Weight 4 - Medium,6 mm (J-10),"Double Crochet , Single Crochet",White,White
Ombre Crochet Blanket Pattern (Easy & Quick),2. Easy,Red Heart,Super Saver,Weight 4 - Medium,5.5 mm (I-9),"Half Double Crochet , Single Crochet , Slip Stitch","Blue , Green",Blue
Crochet Weighted Blanket using Bernat Blanket Extra,2. Easy,Bernat,Blanket Extra,Weight 7 - Jumbo,"15 mm (P/Q) , 16 mm (Q)","Half Double Crochet , Herringbone Half Double Crochet","Brown , Neutral",Brown
Winter Crochet Beanie Pattern,3. Intermediate,Lion Brand,Heartland,Weight 4 - Medium,5.5 mm (I-9),"Double Crochet , Single Crochet","Neutral , White",Neutral
Neon Rainbow Striped Crochet Hat,3. Intermediate,Red Heart,Super Saver,Weight 4 - Medium,5.5 mm (I-9),"Herringbone Half Double Crochet , Single Crochet , Single Crochet Back Loop",Variegated,Variegated
Emily Diagonal Beanie Crochet Hat Pattern,3. Intermediate,Lion Brand,Wool-Ease Tonal,Weight 5 - Bulky,5.5 mm (I-9),"Half Double Crochet , Single Crochet",Gray,Gray
1 Hour Crochet Messy Bun Beanie Pattern,2. Easy,Loops and Threads,Cozy Wool,Weight 6 - Super Bulky,9 mm (M/N-13),"Half Double Crochet , Single Crochet",Gray,Gray
Andy Button Crochet Hat Pattern,3. Intermediate,Lion Brand,Vanna's Choice,Weight 4 - Medium,6 mm (J-10),Half Double Crochet,Neutral,Neutral
Free Autumn Crochet Beanie Pattern,2. Easy,Lion Brand,Heartland,Weight 4 - Medium,5.5 mm (I-9),Half Double Crochet,Green,Green
Free  and Easy Crochet Ear Warmer Pattern for Winter,2. Easy,Lion Brand,Woolspun,Weight 5 - Bulky,"5.5 mm (I-9) , 6 mm (J-10)","Half Double Crochet , Single Crochet",Neutral,Neutral
Snowy Crochet Ear Warmer Pattern for Beginners,2. Easy,Lion Brand,Wool-Ease Thick and Quick,Weight 6 - Super Bulky,6 mm (J-10),Single Crochet,"Blue , Neutral",Blue
Summer Romance Crochet Top,2. Easy,,,Weight 3 - Light,5 mm (H-8),"Double Crochet , Single Crochet",Neutral,"Crochet Clothing This pattern is shown as a part of our partner program . EasyCrochet.com did not create this pattern. For support on this crochet pattern, please reach out to the owner through their website."
Evelyn Wrap,3. Intermediate,WeCrochet,CotLin,Weight 3 - Light,4 mm (G-6),Single Crochet,Blue,Blue
Tranquil Blue Rectangular Shawl,2. Easy,Lion Brand,Mandala,Weight 4 - Medium,5 mm (H-8),Double Crochet,Blue,Blue
Granny Square Cardigan Crochet Pattern,,,,,,,,
Crochet Seaside Tank Top,2. Easy,Lion Brand,Coboo Yarn,Weight 3 - Light,"3.5 mm (E-4) , 4.5 mm (7)","Single Crochet , Slip Stitch",Neutral,Neutral
Woodland Crochet Capelet Pattern,3. Intermediate,,,Weight 6 - Super Bulky,10 mm (N/P-15),"Double Crochet , Single Crochet",Pink,"Crochet Clothing This pattern is shown as a part of our partner program . EasyCrochet.com did not create this pattern. For support on this crochet pattern, please reach out to the owner through their website."
Crochet Blanket Shrug,2. Easy,Loops and Threads,Crème Cotton,Weight 4 - Medium,5 mm (H-8),"Double Crochet , Single Crochet",Blue,Blue
Beginner Crochet Cardigan,1. Basic,Hobby Lobby,,Weight 2 - Fine,4 mm (G-6),Double Crochet,Variegated,Crochet Cardigans
Waffle Stitch Crochet Scarf Pattern,3. Intermediate,Loops and Threads,Crème Cotton,,6 mm (J-10),,,Crochet Scarves The free version of this pattern comes with limited support. These links should give you the help you need. How to Read a Pattern Understanding Abbreviations Stitch Tutorials Pattern FAQs
Josie Chunky Crochet Scarf Pattern,3. Intermediate,Lion Brand,Wool-Ease Thick and Quick,Weight 6 - Super Bulky,10 mm (N/P-15),"Half Double Crochet , Half Double Crochet Back Loop , Half Double Crochet Two Together",Neutral,Neutral
Textured Crochet Neck Warmer Pattern,3. Intermediate,Lion Brand,Feels Like Heaven,Weight 3 - Light,4.5 mm (7),"Half Double Crochet , Single Crochet , Triple Crochet",Pink,Pink
Ombre Crochet Neck Warmer Pattern,2. Easy,Lion Brand,Homespun,Weight 5 - Bulky,6.5 mm (K-10.5),"Double Crochet , Single Crochet",Pink,Pink
Williams Puff Cowl Crochet Pattern,2. Easy,Loops and Threads,Charisma,Weight 5 - Bulky,9 mm (M/N-13),"Half Double Crochet , Puff",Blue,Blue
Half Double Crochet Infinity Scarf Pattern,2. Easy,Lion Brand,Wool-Ease Thick and Quick,Weight 6 - Super Bulky,9 mm (M/N-13),Half Double Crochet,"Blue , Green",Blue
Free Ombre Crochet Scarf Pattern,3. Intermediate,Lion Brand,"Feels Like Butta , Mandala",Weight 4 - Medium,5 mm (H-8),"Double Crochet , Half Double Crochet , Single Crochet","Blue , Variegated",Blue
Fabulously Fall Crochet Fringe Scarf,3. Intermediate,Lion Brand,Vanna's Choice,Weight 4 - Medium,6 mm (J-10),Half Double Crochet,Green,Green
9 Cute Crochet Chicken Patterns,,,,,,,,
14 Free Crochet Patterns for Adorable Gnomes,,,,,,,,
21 Beginner-Friendly Crochet Amigurumi Patterns,,,,,,,,
13 Free Crochet Cake Patterns,,,,,,,,
Top 10 Free Patterns for Crochet Plants,,,,,,,,
24 Top Crochet Octopus Patterns: All Free Patterns,,,,,,,,
15 Fun Crochet Patterns for Fruits and Vegetables,,,,,,,,
The Best Axolotl Crochet Pattern Collection,,,,,,,,
Seed Stitch Crochet,2. Easy,,,Weight 2 - Fine,4 mm (G-6),"Single Crochet , Single Crochet Back Loop , Slip Stitch",Pink,Crochet
Spiked Sedge Stitch,2. Easy,,,Weight 4 - Medium,5 mm (H-8),"Double Crochet , Half Double Crochet , Single Crochet",Brown,Crochet
Whip Stitch Crochet Seaming Technique,2. Easy,,,,,,,Crochet
Braided Extended Half Double Crochet,2. Easy,,,Weight 4 - Medium,5 mm (H-8),"Half Double Crochet , Slip Stitch",Gray,Crochet
Twisted Up Tunisian Simple Stitch,"1. Basic , 2. Easy",,,Weight 3 - Light,6 mm (J-10),Tunisian Simple Stitch,Pink,Crochet
Crunch Stitch Crochet,2. Easy,,,Weight 4 - Medium,5 mm (H-8),"Half Double Crochet , Slip Stitch",Brown,Crochet
Crochet Modified Cross Stitch,2. Easy,,,Weight 2 - Fine,4 mm (G-6),"Single Crochet , Slip Stitch",,Crochet
Crochet Bar Stitch,2. Easy,,,Weight 4 - Medium,5 mm (H-8),"Double Crochet , Single Crochet",Brown,Crochet
Double the Fun: A Guide to Holding Two Yarn Skeins Together,,,,,,,,
The Easy Way to Add and Use Crochet Appliqués,,,,,,,,
Crochet the Perfect Temperature Blanket Guide (+ Free Patterns),,,,,,,,
Understanding The Right Side vs Wrong Side in Crochet,,,,,,,,
Why is My Crochet Blanket Curving And How to Fix It!,,,,,,,,
The Many Types of Crochet,,,,,,,,
The 9 Best Ways to Seam Crochet Projects Together,,,,,,,,
What is DK Weight Yarn?,,,,,,,,
Bulky Chevron Blanket,2. Easy,Lion Brand,,Weight 6 - Super Bulky,10 mm (N/P-15),Double Crochet,"Green , Neutral , Pink",Chevron Patterns
Verglas Shawl,2. Easy,Scheepjes,,Weight 3 - Light,3.5 mm (E-4),"Double Crochet , Single Crochet",White,Chevron Patterns
Asymmetric Crochet Chevron Cowl,2. Easy,,,Weight 4 - Medium,5.5 mm (I-9),"Single Crochet , Single Crochet Back Loop , Single Crochet Two Together",,"Chevron Patterns This pattern is shown as a part of our partner program . EasyCrochet.com did not create this pattern. For support on this crochet pattern, please reach out to the owner through their website."
Classic Ripple Crochet Pattern Tutorial,2. Easy,Red Heart,Red Heart Soft,,6 mm (J-10),Double Crochet,"Blue , Purple",Chevron Patterns
Easy Crochet Chevron Blanket,2. Easy,Lion Brand,Vanna's Choice,Weight 4 - Medium,6 mm (J-10),"Single Crochet , Single Crochet Back Loop",Neutral,Neutral
Chevron Scarf Crochet Pattern,2. Easy,Premier Yarns,,Weight 5 - Bulky,6 mm (J-10),Single Crochet,Neutral,Chevron Patterns
Crochet Ripple Baby Blanket Pattern,2. Easy,Lion Brand,Vanna's Choice,Weight 4 - Medium,6 mm (J-10),Half Double Crochet,Yellow,Yellow
Granny Ripple Blanket Crochet Pattern,2. Easy,Lion Brand,Vanna's Choice,Weight 4 - Medium,6 mm (J-10),Double Crochet,"Blue , Gray , White",Blue
24 Free Shamrock and Clover Crochet Patterns,,,,,,,,
Easy Crochet Christmas Stocking Pattern,2. Easy,Bernat,Blanket Yarn,Weight 6 - Super Bulky,9 mm (M/N-13),"Double Crochet , Single Crochet",Red,Red
8 Spooky Crochet Halloween Projects to Haunt Your Home,,,,,,,,
32 Spring Crochet Patterns Ideas,,,,,,,,
New Year’s Eve Crochet Patterns: 11 Sparkling Designs For Your Celebration,,,,,,,,
28 Free Crochet Christmas Patterns for the Home,,,,,,,,
14 Free Crochet Snowflake Patterns,,,,,,,,
11 Free Crochet Patterns for Father’s Day,,,,,,,,
10 Free Crochet Easter Basket Patterns,,,,,,,,
Free Crochet Storage Basket Pattern,2. Easy,Lion Brand,Wool-Ease Thick and Quick,Weight 6 - Super Bulky,9 mm (M/N-13),Double Crochet,Gray,Gray
27 Free Crochet Basket Patterns,,,,,,,,
Free Mini Crochet Basket Pattern,2. Easy,Wool and the Gang,Tina Tape Yarn,Weight 4 - Medium,5.5 mm (I-9),Single Crochet,Green,Green
Peafowl Feathers Crochet Shawl,3. Intermediate,,,Weight 2 - Fine,4 mm (G-6),"Double Crochet , Half Double Crochet","Blue , Green , Purple","Crochet Shawls & Wraps This pattern is shown as a part of our partner program . EasyCrochet.com did not create this pattern. For support on this crochet pattern, please reach out to the owner through their website."
Boho Beach Crochet Vest,2. Easy,,,Weight 3 - Light,5 mm (H-8),"Double Crochet , Single Crochet",Neutral,"Crochet Clothing This pattern is shown as a part of our partner program . EasyCrochet.com did not create this pattern. For support on this crochet pattern, please reach out to the owner through their website."
Rosa Shawlette,2. Easy,Scheepjes,Stone Washed,Weight 2 - Fine,4.5 mm (7),Tunisian Simple Stitch,Pink,Pink
Franny Granny Child Cardigan,3. Intermediate,,,Weight 3 - Light,4.5 mm (7),Double Crochet,Variegated,"Baby Sweaters This pattern is shown as a part of our partner program . EasyCrochet.com did not create this pattern. For support on this crochet pattern, please reach out to the owner through their website."
Franny Granny Child Sweater,3. Intermediate,,,Weight 3 - Light,4.5 mm (7),Double Crochet,Variegated,"Baby Sweaters This pattern is shown as a part of our partner program . EasyCrochet.com did not create this pattern. For support on this crochet pattern, please reach out to the owner through their website."
Franny Granny Child Hoodie,3. Intermediate,,,Weight 3 - Light,4.5 mm (7),Double Crochet,Variegated,"Baby Sweaters This pattern is shown as a part of our partner program . EasyCrochet.com did not create this pattern. For support on this crochet pattern, please reach out to the owner through their website."
Felidae Summer Wrap,2. Easy,Rowan,Summerlite 4 Ply,Weight 2 - Fine,3.25 mm (D-3),"Double Crochet , Half Double Crochet , Single Crochet","Orange , Pink , Yellow",Orange
Half Double and V-Stitch Super Fine Crochet Wrap,2. Easy,Red Heart,,Weight 1 - Super Fine,3.5 mm (E-4),Half Double Crochet,,"Crochet Shawls & Wraps This pattern is shown as a part of our partner program . EasyCrochet.com did not create this pattern. For support on this crochet pattern, please reach out to the owner through their website."
The Buttoned Crochet Grandpa Coat Cardigan,2. Easy,Lion Brand,,Weight 4 - Medium,6 mm (J-10),,,"Crochet Cardigans This pattern is shown as a part of our partner program . EasyCrochet.com did not create this pattern. For support on this crochet pattern, please reach out to the owner through their website."
Autumn Storm Shrug,2. Easy,,,Weight 3 - Light,4 mm (G-6),Double Crochet,"Blue , Gray","C2C Crochet Patterns This pattern is shown as a part of our partner program . EasyCrochet.com did not create this pattern. For support on this crochet pattern, please reach out to the owner through their website."
Electric Blue Wrap,3. Intermediate,Scheepjes,,Weight 2 - Fine,2mm,Double Crochet,Blue,Crochet Shawls & Wraps
Tunisian Lacy Shell Wrap,3. Intermediate,,,Weight 3 - Light,6 mm (J-10),,Blue,"Crochet Shawls & Wraps This pattern is shown as a part of our partner program . EasyCrochet.com did not create this pattern. For support on this crochet pattern, please reach out to the owner through their website."
The Lola Easy Oversized Crochet Pullover Sweater,2. Easy,Lion Brand,Heartland,Weight 4 - Medium,5 mm (H-8),"Double Crochet , Half Double Crochet , Single Crochet",Green,Green
Shipka Cardigan,2. Easy,WeCrochet,,Weight 4 - Medium,6 mm (J-10),"Double Crochet , Single Crochet",Brown,Crochet Cardigans
Lacy Double V-Stitch Rectangular Shawl,2. Easy,Red Heart,,Weight 2 - Fine,3.25 mm (D-3),,,"Crochet Shawls & Wraps This pattern is shown as a part of our partner program . EasyCrochet.com did not create this pattern. For support on this crochet pattern, please reach out to the owner through their website."
The Petra Easy Textured Crochet Sweater,2. Easy,,,Weight 4 - Medium,5 mm (H-8),,,"Crochet Clothing This pattern is shown as a part of our partner program . EasyCrochet.com did not create this pattern. For support on this crochet pattern, please reach out to the owner through their website."
The Banbury Drape Oversized Crochet Cardigan,2. Easy,Lion Brand,Feels Like Bliss,Weight 5 - Bulky,6 mm (J-10),Half Double Crochet,,Crochet Cardigans
The Fall to Winter Crochet Sweater,2. Easy,Loops and Threads,,Weight 4 - Medium,6 mm (J-10),"Double Crochet , Single Crochet","Brown , White",Crochet Clothing
Your First Crochet Beginner Sweater Pattern,2. Easy,Caron Yarn,Caron Cakes,Weight 4 - Medium,4.5 mm (7),Half Double Crochet,"Blue , Brown",Blue
Victoria Easy Chunky Crochet Cardigan,2. Easy,Lion Brand,Wool-Ease,Weight 4 - Medium,6 mm (J-10),"Double Crochet , Half Double Crochet , Single Crochet","Pink , White",Pink
Franny Granny Poncho,2. Easy,Knit Picks,Upcycle Alpaca Blend Worsted,Weight 4 - Medium,4.5 mm (7),"Double Crochet , Single Crochet",Neutral,Neutral
Holiday Lace and Mesh Crochet Top,2. Easy,Lion Brand,24/7 Cotton,Weight 4 - Medium,4 mm (G-6),"Double Crochet , Half Double Crochet , Single Crochet",Red,Red
Frances Crochet Cardigan For Kids,2. Easy,,,"Weight 0 - Lace , Weight 3 - Light",4 mm (G-6),"Double Crochet , Single Crochet , Single Crochet Back Loop",Blue,"Baby Sweaters This pattern is shown as a part of our partner program . EasyCrochet.com did not create this pattern. For support on this crochet pattern, please reach out to the owner through their website."
Japandi Lace Shawl,2. Easy,Hobbii,,Weight 2 - Fine,5 mm (H-8),Tunisian Knit Stitch,Neutral,Crochet Clothing
Button Baby Sweater,2. Easy,,,Weight 3 - Light,40 mm,"Double Crochet , Half Double Crochet , Half Double Crochet Two Together",Blue,"Baby Sweaters This pattern is shown as a part of our partner program . EasyCrochet.com did not create this pattern. For support on this crochet pattern, please reach out to the owner through their website."
Dreamy Lucia Shawl,2. Easy,,,Weight 1 - Super Fine,7 mm,Tunisian Simple Stitch,"Green , Neutral , Purple","Crochet Shawls & Wraps This pattern is shown as a part of our partner program . EasyCrochet.com did not create this pattern. For support on this crochet pattern, please reach out to the owner through their website."
Sienna Crop Top,2. Easy,Knit Picks,CotLin,Weight 3 - Light,4 mm (G-6),"Double Crochet , Single Crochet , Single Crochet Back Loop , Slip Stitch",Neutral,Neutral
Orange Blossom Wrap,2. Easy,Rowan,,Weight 0 - Lace,6.5 mm (K-10.5),Herringbone Double Crochet,Orange,Crochet Scarves
Crochet Adult High Waist Skirt,2. Easy,,,Weight 3 - Light,5 mm (H-8),"Double Crochet , Single Crochet , Single Crochet Back Loop",,"Crochet Clothing This pattern is shown as a part of our partner program . EasyCrochet.com did not create this pattern. For support on this crochet pattern, please reach out to the owner through their website."
21 Crochet Skirt Patterns,,,,,,,,
Flowers and Diamonds Crochet Summer Top,1. Basic,,,Weight 3 - Light,6 mm (J-10),"Single Crochet , Slip Stitch",,"Crochet Clothing This pattern is shown as a part of our partner program . EasyCrochet.com did not create this pattern. For support on this crochet pattern, please reach out to the owner through their website."
Very Peri Tee,3. Intermediate,,,Weight 0 - Lace,3.5 mm (E-4),"Double Crochet , Puff",Purple,"Crochet Tops & Tanks This pattern is shown as a part of our partner program . EasyCrochet.com did not create this pattern. For support on this crochet pattern, please reach out to the owner through their website."
Victoria Shawl,2. Easy,,,Weight 2 - Fine,,"Tunisian Knit Stitch , Tunisian Purl Stitch , Tunisian Simple Stitch","Green , Yellow","Crochet Shawls & Wraps This pattern is shown as a part of our partner program . EasyCrochet.com did not create this pattern. For support on this crochet pattern, please reach out to the owner through their website."
Puffs and Crosses Lace Shawl,2. Easy,Scheepjes,,Weight 1 - Super Fine,4 mm (G-6),"Double Crochet , Puff , Single Crochet",Pink,Crochet Shawls & Wraps
Crochet Bikini Top,2. Easy,,,Weight 3 - Light,5 mm (H-8),"Double Crochet , Half Double Crochet , Single Crochet , Slip Stitch",,"Crochet Clothing This pattern is shown as a part of our partner program . EasyCrochet.com did not create this pattern. For support on this crochet pattern, please reach out to the owner through their website."
Helen Shawl,3. Intermediate,Scheepjes,,Weight 2 - Fine,4.5 mm (7),"Tunisian Purl Stitch , Tunisian Simple Stitch",Orange,Crochet Shawls & Wraps
Crochet Backless Crop Top Pattern,1. Basic,,,Weight 3 - Light,4.5 mm (7),"Double Crochet , Single Crochet , Slip Stitch",,"Crochet Clothing This pattern is shown as a part of our partner program . EasyCrochet.com did not create this pattern. For support on this crochet pattern, please reach out to the owner through their website."
Crochet Halter Tops That Are Perfect for warm weather,,,,,,,,
Laura Cardigan,3. Intermediate,Scheepjes,Stone Washed,Weight 2 - Fine,3.5 mm (E-4),"Double Crochet , Single Crochet",Neutral,Neutral
Crochet Lacy Summer Top,,,,,,,,"Crochet Clothing This pattern is shown as a part of our partner program . EasyCrochet.com did not create this pattern. For support on this crochet pattern, please reach out to the owner through their website."
Field of Puffs Crochet Shawl,,,,,,,,"Crochet Clothing This pattern is shown as a part of our partner program . EasyCrochet.com did not create this pattern. For support on this crochet pattern, please reach out to the owner through their website."
Deidra Sweater,3. Intermediate,"Knit Picks , WeCrochet",,Weight 4 - Medium,"4.5 mm (7) , 5 mm (H-8)","Half Double Crochet , Half Double Crochet Back Loop , Single Crochet , Slip Stitch",Pink,Crochet Sweaters
Misty Sunrise Shawl,3. Intermediate,,,Weight 1 - Super Fine,4.5 mm (7),"Tunisian Knit Stitch , Tunisian Simple Stitch","Gray , Yellow","Crochet Shawls & Wraps This pattern is shown as a part of our partner program . EasyCrochet.com did not create this pattern. For support on this crochet pattern, please reach out to the owner through their website."
Sky Walk Tunisian Chevron Shawl,2. Easy,Stylecraft,,Weight 3 - Light,5.5 mm (I-9),Tunisian Simple Stitch,Blue,Crochet Shawls & Wraps
25 Free Crochet Dress Patterns,,,,,,,,
Beginner Crochet Poncho Wrap Pattern,,Red Heart,Unforgettable,Weight 4 - Medium,5 mm (H-8),Double Crochet,,"Crochet Clothing This pattern is shown as a part of our partner program . EasyCrochet.com did not create this pattern. For support on this crochet pattern, please reach out to the owner through their website."
10 Crochet Bikini Patterns You’ll Love Making,,,,,,,,
Blooming Granny Square,3. Intermediate,Caron Yarn,Caron Cakes,Weight 4 - Medium,5 mm (H-8),Double Crochet,"Blue , Green , White",Blue
Shift Granny Square,3. Intermediate,Caron Yarn,Caron Cakes,Weight 4 - Medium,5 mm (H-8),Double Crochet,"Neutral , Orange , Pink , Purple",Neutral
Woodland Linen Stitch Crochet Blanket,2. Easy,Lion Brand,Mandala,Weight 3 - Light,4 mm (G-6),"Moss / Linen , Single Crochet","Blue , Green",Blue
Milly Baby Blanket,2. Easy,Hobbii,,,15 mm (P/Q),Tunisian Simple Stitch,"Neutral , Pink , Purple , Red , Yellow","Crochet Baby Blankets This pattern is shown as a part of our partner program . EasyCrochet.com did not create this pattern. For support on this crochet pattern, please reach out to the owner through their website."
Weekend Granny Square,3. Intermediate,Caron Yarn,Caron Cakes,Weight 4 - Medium,5 mm (H-8),Double Crochet,"Neutral , Orange , Pink , Purple",Neutral
#1 Bobble Blanket,2. Easy,Yarnspirations,Caron Cakes,Weight 4 - Medium,5 mm (H-8),"Bobble , Double Crochet , Single Crochet",Variegated,Variegated
Tunisian Heart Coaster,2. Easy,Scheepjes,Stone Washed,Weight 2 - Fine,4.5 mm (7),Tunisian Simple Stitch,Pink,Pink
Cozy Corner Blanket,2. Easy,Hobbii,,Weight 6 - Super Bulky,15 mm (P/Q),Tunisian Simple Stitch,"Brown , Neutral , Pink , Purple , Red",Crochet Blankets
Lovely Heart Coaster,2. Easy,Scheepjes,Stone Washed,Weight 2 - Fine,4.5 mm (7),Tunisian Simple Stitch,Pink,Pink
Daniel Diamond Blanket,3. Intermediate,Hobbii,,Weight 4 - Medium,6 mm (J-10),Tunisian Simple Stitch,"Blue , Green",Crochet Baby Blankets
Primrose Crochet Baby Blanket,3. Intermediate,Bernat,Blanket Yarn,Weight 6 - Super Bulky,6.5 mm (K-10.5),"Double Crochet , Single Crochet",Neutral,Neutral
Alternating Christmas Afghan,2. Easy,Red Heart,Super Saver,Weight 4 - Medium,5.5 mm (I-9),"Half Double Crochet , Slip Stitch","Green , Red , White",Green
Sea Ripple Crochet Baby Blanket,1. Basic,,,Weight 3 - Light,4 mm (G-6),Double Crochet,"Blue , Green , White","Crochet Baby Blankets This pattern is shown as a part of our partner program . EasyCrochet.com did not create this pattern. For support on this crochet pattern, please reach out to the owner through their website."
Emerald Opulence Hexagon Crochet Blanket,2. Easy,,,Weight 4 - Medium,3.5 mm (E-4),"Double Crochet , Single Crochet","Green , Purple , Red , Yellow","Crochet Blankets This pattern is shown as a part of our partner program . EasyCrochet.com did not create this pattern. For support on this crochet pattern, please reach out to the owner through their website."
Modwen Baby Blanket,2. Easy,Stylecraft,,Weight 5 - Bulky,9 mm (M/N-13),"Slip Stitch , Tunisian Simple Stitch","Blue , Neutral , Pink",Crochet Baby Blankets
10 Cozy Crochet Blanket and Afghan Patterns You’ll Love,,,,,,,,
Woven Lines Chunky Throw,2. Easy,Caron Yarn,,Weight 5 - Bulky,9 mm (M/N-13),"Double Crochet , Half Double Crochet","Blue , Green",Crochet Blankets
Into The Wild Blanket Pattern,2. Easy,Stylecraft,Simply Aran,Weight 4 - Medium,5 mm (H-8),"Double Crochet , Single Crochet",Neutral,Neutral
Shelby The Snail Blanket Pattern,3. Intermediate,Stylecraft,Simply Aran,Weight 4 - Medium,5 mm (H-8),Double Crochet,Neutral,Neutral
Radiance Granny Square,2. Easy,Stylecraft,Simply DK,Weight 3 - Light,4 mm (G-6),Double Crochet,"Green , Orange , Pink , Purple",Green
Zest Granny Square,2. Easy,Stylecraft,Simply DK,Weight 3 - Light,4 mm (G-6),Double Crochet,"Blue , Orange , Pink , Red , Yellow",Blue
The Heath Crochet Blanket,2. Easy,Lion Brand,Re-Spun,Weight 4 - Medium,9 mm (M/N-13),"Double Crochet , Single Crochet",White,White
Easy Crochet Ombre Shell Stitch Baby Blanket,2. Easy,Lion Brand,Mandala,Weight 3 - Light,4.5 mm (7),"Double Crochet , Single Crochet",,Crochet Baby Blankets
Spirit Granny Square Pattern,2. Easy,Stylecraft,Simply DK,Weight 3 - Light,4 mm (G-6),Double Crochet,"Green , Purple",Green
Rainbow Granny Square,2. Easy,Stylecraft,Simply DK,Weight 3 - Light,4 mm (G-6),Double Crochet,"Green , Pink , Yellow",Green
Moon and Stars Tunisian Crochet Blanket,3. Intermediate,Stylecraft,,Weight 3 - Light,6 mm (J-10),"Tunisian Purl Stitch , Tunisian Simple Stitch","Blue , Gray , Orange",Crochet Baby Blankets
Spirit Hexagon Blanket,2. Easy,Stylecraft,Simply DK,Weight 3 - Light,4 mm (G-6),Double Crochet,,Crochet Blankets
Melissa Throw,3. Intermediate,WeCrochet,Brava Worsted,Weight 4 - Medium,7 mm,Tunisian Simple Stitch,"Brown , Neutral",Brown
Mustard and Co Tunisian Crochet Blanket,2. Easy,,,Weight 4 - Medium,6 mm (J-10),"Single Crochet , Tunisian Knit Stitch , Tunisian Purl Stitch , Tunisian Simple Stitch","Blue , Gray , Purple , Yellow","Crochet Blankets This pattern is shown as a part of our partner program . EasyCrochet.com did not create this pattern. For support on this crochet pattern, please reach out to the owner through their website."
Honey Peaks Throw,2. Easy,Paintbox Yarn,Simply Chunky,Weight 5 - Bulky,7 mm,"Tunisian Purl Stitch , Tunisian Simple Stitch","Gray , Yellow",Gray
Rose Frost Throw,2. Easy,Caron Yarn,,Weight 5 - Bulky,5 mm (H-8),"Bobble , Half Double Crochet",Pink,Crochet Blankets
Modern Colorful Baby Blanket Crochet Pattern,3. Intermediate,Red Heart,Unforgettable,Weight 4 - Medium,6 mm (J-10),Single Crochet,Variegated,Variegated
Bright Bobble Blanket,2. Easy,Hayfield,Bonus DK,Weight 3 - Light,5 mm (H-8),"Bobble , Double Crochet , Front Loop Single Crochet , Single Crochet , Single Crochet Back Loop","Blue , Green , Yellow",Blue
Textured Bobble Throw,2. Easy,Caron Yarn,Simply Soft,Weight 4 - Medium,5 mm (H-8),"Bobble , Single Crochet","Blue , Pink",Blue
Daydream Square,3. Intermediate,Lion Brand,,Weight 4 - Medium,6 mm (J-10),"Double Crochet , Double Crochet Increase , Half Double Crochet , Single Crochet , Slip Stitch Back Loop","Brown , Gray , Pink",Brown
Ahavah Baby Blanket,2. Easy,Yarn and,,Weight 4 - Medium,6 mm (J-10),,"Brown , Pink , Variegated , White","Crochet Baby Blankets This pattern is shown as a part of our partner program . EasyCrochet.com did not create this pattern. For support on this crochet pattern, please reach out to the owner through their website."
Siesta Throw,2. Easy,Stylecraft,,Weight 3 - Light,7 mm,"Tunisian Knit Stitch , Tunisian Purl Stitch","Brown , Pink",Crochet Blankets
Mishelka Blanket,2. Easy,,,Weight 2 - Fine,4.5 mm (7),Tunisian Simple Stitch,Pink,"Crochet Baby Blankets This pattern is shown as a part of our partner program . EasyCrochet.com did not create this pattern. For support on this crochet pattern, please reach out to the owner through their website."
Tea and Biscuit Blanket,2. Easy,Hayfield,Bonus DK,Weight 3 - Light,6 mm (J-10),"Double Crochet , Single Crochet , Slip Stitch","Brown , Neutral",Brown
Rainbow Crochet Blanket Pattern,3. Intermediate,"Lion Brand , Red Heart","Pound of Love , Super Saver",Weight 4 - Medium,5 mm (H-8),Double Crochet,Variegated,Variegated
Easy Crochet Afghan Pattern (8 Sizes),2. Easy,Lion Brand,Wool-Ease,Weight 4 - Medium,5 mm (H-8),"Double Crochet , Single Crochet",Neutral,Neutral
Easy Crochet Shell Stitch Baby Blanket,2. Easy,Paintbox Yarn,Simply Super Chunky,Weight 6 - Super Bulky,10 mm (N/P-15),"Double Crochet , Single Crochet",Blue,Blue
Easy Evergreen Ombre Crochet Throw,2. Easy,Bernat,Blanket Yarn,Weight 6 - Super Bulky,9 mm (M/N-13),Double Crochet,Green,Green
Easy Crochet Baby Blanket Pattern for Spring,2. Easy,Lion Brand,Heartland,Weight 4 - Medium,,Half Double Crochet,,Crochet Baby Blankets The free version of this pattern comes with limited support. These links should give you the help you need. How to Read a Pattern Understanding Abbreviations Stitch Tutorials Pattern FAQs
Broadquay Blanket,3. Intermediate,Knit Picks,Brava Worsted,Weight 4 - Medium,6 mm (J-10),"Half Double Crochet , Half Double Crochet Two Together , Single Crochet , Slip Stitch , Triple Crochet",Brown,Brown
Double Waffle Crochet Baby Blanket,,,,Weight 3 - Light,4.5 mm (7),Double Crochet,Pink,"Crochet Baby Blankets This pattern is shown as a part of our partner program . EasyCrochet.com did not create this pattern. For support on this crochet pattern, please reach out to the owner through their website."
Free Duck Amigurumi Crochet Pattern,2. Easy,,,"Weight 2 - Fine , Weight 6 - Super Bulky","2.25 mm (B-1) , 5 mm (H-8)","Single Crochet , Slip Stitch","Brown , Green , Orange , White , Yellow","Amigurumi This pattern is shown as a part of our partner program . EasyCrochet.com did not create this pattern. For support on this crochet pattern, please reach out to the owner through their website."
Free Butterfly Amigurumi Crochet Pattern,2. Easy,,,,,,"Black , Pink , Yellow","Amigurumi This pattern is shown as a part of our partner program . EasyCrochet.com did not create this pattern. For support on this crochet pattern, please reach out to the owner through their website."
Free Crochet Bunny Amigurumi Keychain,"1. Basic , 2. Easy",,,"Weight 2 - Fine , Weight 6 - Super Bulky","2.25 mm (B-1) , 5 mm (H-8)","Single Crochet , Slip Stitch","Gray , Pink","Amigurumi This pattern is shown as a part of our partner program . EasyCrochet.com did not create this pattern. For support on this crochet pattern, please reach out to the owner through their website."
Chubby Gnome Christmas,2. Easy,"Lion Brand , Paintbox Yarn , Red Heart",24/7 Cotton,"Weight 2 - Fine , Weight 3 - Light","2.25 mm (B-1) , 2.75 mm (C-2)","Double Crochet , Front Loop Single Crochet , Single Crochet , Single Crochet Back Loop , Slip Stitch","Green , Red , White",Green
Bubbles the Octopus,2. Easy,,,"Weight 2 - Fine , Weight 6 - Super Bulky","2.25 mm (B-1) , 5 mm (H-8)","Single Crochet , Slip Stitch","Blue , Orange","Amigurumi This pattern is shown as a part of our partner program . EasyCrochet.com did not create this pattern. For support on this crochet pattern, please reach out to the owner through their website."
Santa & Mrs. Claus Crochet Pattern,2. Easy,,,Weight 2 - Fine,2.25 mm (B-1),"Double Crochet , Half Double Crochet , Single Crochet , Slip Stitch , Triple Crochet","Red , White","Amigurumi This pattern is shown as a part of our partner program . EasyCrochet.com did not create this pattern. For support on this crochet pattern, please reach out to the owner through their website."
Theo Amigurumi No Sew Bunny,2. Easy,,,Weight 4 - Medium,4.5 mm (7),Single Crochet,"Blue , Gray , White , Yellow","Amigurumi This pattern is shown as a part of our partner program . EasyCrochet.com did not create this pattern. For support on this crochet pattern, please reach out to the owner through their website."
Crochet Donkey Amigurumi,2. Easy,,,Weight 3 - Light,4 mm (G-6),"Single Crochet , Slip Stitch",Gray,"Amigurumi This pattern is shown as a part of our partner program . EasyCrochet.com did not create this pattern. For support on this crochet pattern, please reach out to the owner through their website."
Penguin the Chef,4. Complex,,,"Weight 2 - Fine , Weight 3 - Light","2.75 mm (C-2) , 3.25 mm (D-3)","Front Loop Single Crochet , Single Crochet , Single Crochet Back Loop , Slip Stitch","Black , White","Amigurumi This pattern is shown as a part of our partner program . EasyCrochet.com did not create this pattern. For support on this crochet pattern, please reach out to the owner through their website."
Free Hedgehog Amigurumi,3. Intermediate,,,Weight 6 - Super Bulky,"5 mm (H-8) , 6 mm (J-10)","Single Crochet , Slip Stitch","Black , Brown , Neutral","Amigurumi This pattern is shown as a part of our partner program . EasyCrochet.com did not create this pattern. For support on this crochet pattern, please reach out to the owner through their website."
Free Love Elephant Amigurumi,"1. Basic , 2. Easy",,,"Weight 2 - Fine , Weight 6 - Super Bulky","2.25 mm (B-1) , 5 mm (H-8)","Single Crochet , Slip Stitch","Pink , Red , White","Amigurumi This pattern is shown as a part of our partner program . EasyCrochet.com did not create this pattern. For support on this crochet pattern, please reach out to the owner through their website."
Free Halloween Pumpkin,2. Easy,,,"Weight 2 - Fine , Weight 6 - Super Bulky","2.25 mm (B-1) , 5 mm (H-8)","Single Crochet , Slip Stitch","Black , Green , Orange","Amigurumi This pattern is shown as a part of our partner program . EasyCrochet.com did not create this pattern. For support on this crochet pattern, please reach out to the owner through their website."
Axl the Fox Amigurumi Crochet Pattern,2. Easy,,,"Weight 2 - Fine , Weight 6 - Super Bulky","2.25 mm (B-1) , 5 mm (H-8)","Single Crochet , Slip Stitch","Black , Orange , White","Amigurumi This pattern is shown as a part of our partner program . EasyCrochet.com did not create this pattern. For support on this crochet pattern, please reach out to the owner through their website."
Baby Jellyfish Crochet Pattern,2. Easy,,,Weight 2 - Fine,2.25 mm (B-1),"Double Crochet , Single Crochet , Single Crochet Back Loop , Single Crochet Two Together , Slip Stitch",,"Amigurumi This pattern is shown as a part of our partner program . EasyCrochet.com did not create this pattern. For support on this crochet pattern, please reach out to the owner through their website."
Squirrel Amigurumi Crochet Pattern,2. Easy,,,"Weight 2 - Fine , Weight 6 - Super Bulky","2.25 mm (B-1) , 5 mm (H-8)","Single Crochet , Slip Stitch","Black , Brown , Neutral","Amigurumi This pattern is shown as a part of our partner program . EasyCrochet.com did not create this pattern. For support on this crochet pattern, please reach out to the owner through their website."
Amigurumi Ghost,2. Easy,Lion Brand,,Weight 4 - Medium,3.75 mm (F-5),"Single Crochet , Single Crochet Two Together , Slip Stitch","Green , White",Amigurumi
The Foolish Frankenstein,3. Intermediate,Lion Brand,24/7 Cotton,"Weight 2 - Fine , Weight 3 - Light , Weight 4 - Medium","2.75 mm (C-2) , 3.25 mm (D-3)","Front Loop Single Crochet , Single Crochet , Single Crochet Back Loop","Black , Blue , Brown",Black
Amigurumi Spider,2. Easy,Bernat,Blanket Yarn,Weight 5 - Bulky,9 mm (M/N-13),Single Crochet,Purple,Purple
Pillow The Owl,"3. Intermediate , 4. Complex",Red Heart,24/7 Cotton,Weight 4 - Medium,"2.75 mm (C-2) , 3.25 mm (D-3)","Double Crochet , Single Crochet , Slip Stitch",,Amigurumi
Free Cat Amigurumi Crochet Pattern,"1. Basic , 2. Easy",,,"Weight 2 - Fine , Weight 6 - Super Bulky","2.25 mm (B-1) , 5 mm (H-8)","Single Crochet , Slip Stitch",Gray,"Amigurumi This pattern is shown as a part of our partner program . EasyCrochet.com did not create this pattern. For support on this crochet pattern, please reach out to the owner through their website."
Free Bee Amigurumi Crochet Pattern,"1. Basic , 2. Easy",,,"Weight 2 - Fine , Weight 6 - Super Bulky","2.25 mm (B-1) , 5 mm (H-8)","Single Crochet , Slip Stitch","Black , White , Yellow","Amigurumi This pattern is shown as a part of our partner program . EasyCrochet.com did not create this pattern. For support on this crochet pattern, please reach out to the owner through their website."
Free Bat Amigurumi Crochet Pattern,2. Easy,,,"Weight 2 - Fine , Weight 6 - Super Bulky","2.25 mm (B-1) , 5 mm (H-8)","Double Crochet , Half Double Crochet , Single Crochet , Slip Stitch","Black , Purple","Amigurumi This pattern is shown as a part of our partner program . EasyCrochet.com did not create this pattern. For support on this crochet pattern, please reach out to the owner through their website."
Amigurumi Elephant,3. Intermediate,Patons,,Weight 3 - Light,2.25 mm (B-1),"Single Crochet , Single Crochet Back Loop , Single Crochet Two Together , Slip Stitch","Pink , Yellow",Amigurumi
Amigurumi Octopus,2. Easy,"Bernat , Patons",,Weight 3 - Light,3.25 mm (D-3),"Single Crochet , Single Crochet Two Together",Blue,Amigurumi
Cute Alpaca Amigurumi,2. Easy,,,"Weight 2 - Fine , Weight 5 - Bulky , Weight 6 - Super Bulky","2.25 mm (B-1) , 3.5 mm (E-4) , 5 mm (H-8)","Single Crochet , Slip Stitch","Brown , Neutral , Pink","Amigurumi This pattern is shown as a part of our partner program . EasyCrochet.com did not create this pattern. For support on this crochet pattern, please reach out to the owner through their website."
Amigurumi Sea Turtle,2. Easy,"Bernat , Hobbii","Baby Blanket , Blanket Yarn",Weight 6 - Super Bulky,10 mm (N/P-15),"Double Crochet , Single Crochet , Single Crochet Two Together , Slip Stitch","Green , Neutral",Green
Free Pig Amigurumi Crochet Pattern,2. Easy,,,,"2.25 mm (B-1) , 5 mm (H-8)","Single Crochet , Slip Stitch","Black , Pink","Amigurumi This pattern is shown as a part of our partner program . EasyCrochet.com did not create this pattern. For support on this crochet pattern, please reach out to the owner through their website."
Casper the Dog – Free Amigurumi Crochet Pattern,2. Easy,,,"Weight 2 - Fine , Weight 6 - Super Bulky","2.25 mm (B-1) , 5 mm (H-8)","Single Crochet , Slip Stitch","Brown , Neutral , Orange , White","Amigurumi This pattern is shown as a part of our partner program . EasyCrochet.com did not create this pattern. For support on this crochet pattern, please reach out to the owner through their website."
Free Lion Crochet Pattern,2. Easy,,,Weight 2 - Fine,2.25 mm (B-1),"Single Crochet , Slip Stitch","Brown , White , Yellow","Amigurumi This pattern is shown as a part of our partner program . EasyCrochet.com did not create this pattern. For support on this crochet pattern, please reach out to the owner through their website."
Big Chubby Bear,3. Intermediate,"Paintbox Yarn , Yarn and","24/7 Cotton , Simply DK","Weight 3 - Light , Weight 4 - Medium","2.75 mm (C-2) , 3.25 mm (D-3) , 3.5 mm (E-4)","Double Crochet , Half Double Crochet , Single Crochet","Blue , Brown , Neutral , White",Blue
Bunnies Crochet Pattern,2. Easy,,,Weight 2 - Fine,2mm,"Single Crochet , Single Crochet Two Together , Slip Stitch","Blue , Pink , White","Amigurumi This pattern is shown as a part of our partner program . EasyCrochet.com did not create this pattern. For support on this crochet pattern, please reach out to the owner through their website."
Chinese New Year Rabbit,2. Easy,,,Weight 2 - Fine,2.25 mm (B-1),Single Crochet,"Red , White , Yellow","Amigurumi This pattern is shown as a part of our partner program . EasyCrochet.com did not create this pattern. For support on this crochet pattern, please reach out to the owner through their website."
Basic Body Crochet Pattern,2. Easy,,,Weight 2 - Fine,2mm,"Single Crochet , Single Crochet Back Loop , Single Crochet Two Together , Slip Stitch",Neutral,"Amigurumi This pattern is shown as a part of our partner program . EasyCrochet.com did not create this pattern. For support on this crochet pattern, please reach out to the owner through their website."
Crochet Monkey,"2. Easy , 3. Intermediate",,,Weight 2 - Fine,2.75 mm (C-2),Single Crochet,Brown,"Amigurumi This pattern is shown as a part of our partner program . EasyCrochet.com did not create this pattern. For support on this crochet pattern, please reach out to the owner through their website."
Christmas Ornament Balls with Snail,1. Basic,,,Weight 2 - Fine,2.25 mm (B-1),"Bobble , Double Crochet , Single Crochet , Slip Stitch","Black , Blue , Brown , Green , Orange , Pink , White , Yellow","Amigurumi This pattern is shown as a part of our partner program . EasyCrochet.com did not create this pattern. For support on this crochet pattern, please reach out to the owner through their website."
Crochet Piglet Amigurumi,2. Easy,,,Weight 3 - Light,4 mm (G-6),"Single Crochet , Slip Stitch",Pink,"Amigurumi This pattern is shown as a part of our partner program . EasyCrochet.com did not create this pattern. For support on this crochet pattern, please reach out to the owner through their website."
Luffy Crochet Pattern,2. Easy,,,,2mm,"Single Crochet , Single Crochet Back Loop , Single Crochet Two Together","Blue , Red , Yellow","Amigurumi This pattern is shown as a part of our partner program . EasyCrochet.com did not create this pattern. For support on this crochet pattern, please reach out to the owner through their website."
Crochet Bread Pattern,,,,,,,,
Cute Bee Crochet Pattern,2. Easy,,,Weight 2 - Fine,2.25 mm (B-1),"Single Crochet , Single Crochet Two Together , Slip Stitch","Black , Yellow","Amigurumi This pattern is shown as a part of our partner program . EasyCrochet.com did not create this pattern. For support on this crochet pattern, please reach out to the owner through their website."
Crochet Red Panda,2. Easy,Lion Brand,24/7 Cotton,"Weight 2 - Fine , Weight 3 - Light , Weight 4 - Medium",2.25 mm (B-1),Single Crochet,"Black , Brown , Orange",Black
Little Jellyfish Crochet Pattern,2. Easy,,,Weight 2 - Fine,2mm,"Front Loop Single Crochet , Half Double Crochet , Single Crochet , Single Crochet Back Loop , Single Crochet Two Together , Slip Stitch","Green , Orange , Pink , Purple , Yellow","Amigurumi This pattern is shown as a part of our partner program . EasyCrochet.com did not create this pattern. For support on this crochet pattern, please reach out to the owner through their website."
Bunny Tail and Ears Egg Cozy,2. Easy,,,Weight 3 - Light,5 mm (H-8),Single Crochet,"Gray , White","Easter Crochet Patterns This pattern is shown as a part of our partner program . EasyCrochet.com did not create this pattern. For support on this crochet pattern, please reach out to the owner through their website."
Yasmin Crochet Heart Coaster,2. Easy,Stylecraft,Simply DK,Weight 3 - Light,5 mm (H-8),"Single Crochet , Triple Crochet","Pink , White",Pink
14 Beginner Free Crochet Patterns for Valentine’s Day,,,,,,,,
Easy Christmas Stocking Patterns for Beginners,,,,,,,,
Baroco Placemat,2. Easy,Hobbii,,Weight 4 - Medium,6.5 mm (K-10.5),Tunisian Simple Stitch,"Green , Red",Christmas Crochet Patterns
Easy and Free Christmas Crochet Patterns for Beginners,,,,,,,,
Cozy Up This Winter With These Crochet Coffee Cozies,,,,,,,,
Get Cozy with Our Pine Tree Crochet Pattern Collection,,,,,,,,
Last-Minute Halloween Costumes to Crochet: Easy Ideas,,,,,,,,
Tweed Stacking Pumpkins,2. Easy,WeCrochet,Brava Worsted,Weight 4 - Medium,4.5 mm (7),Double Crochet,"Brown , Green , Orange",Brown
12 Fun Crochet Christmas Decorations To Make for Your Home,,,,,,,,
Apple Crochet Patterns Perfect for Fall,,,,,,,,
Fall Apple Crochet Coaster,2. Easy,Yarnspirations,Lily Sugar'n Cream,Weight 4 - Medium,4.5 mm (7),"Double Crochet , Half Double Crochet , Single Crochet , Slip Stitch",Red,Red
Cozy Up Your Home with Crochet Fall Decor (All Free Patterns),,,,,,,,
Festivities Placemat,3. Intermediate,Hobbii,,Weight 1 - Super Fine,3.5 mm (E-4),,"Green , Red , White","Christmas Crochet Patterns This pattern is shown as a part of our partner program . EasyCrochet.com did not create this pattern. For support on this crochet pattern, please reach out to the owner through their website."
5 Crochet Patterns For Thanksgiving (All Free),,,,,,,,
Top 5 Crochet Fall Coaster Patterns,,,,,,,,
7 Cozy Fall Crochet Scarf Patterns You’ll Love,,,,,,,,
Pom Pom Egg Warmer Cozy,2. Easy,,,Weight 4 - Medium,5 mm (H-8),Single Crochet,"Blue , Neutral","Crochet Holiday This pattern is shown as a part of our partner program . EasyCrochet.com did not create this pattern. For support on this crochet pattern, please reach out to the owner through their website."
13 Simple DIY Ornaments for Christmas Using Yarn,,,,,,,,
Sheep Egg Warmer Pattern,3. Intermediate,,,Weight 3 - Light,5 mm (H-8),"Bobble , Single Crochet","Pink , White","Crochet Holiday This pattern is shown as a part of our partner program . EasyCrochet.com did not create this pattern. For support on this crochet pattern, please reach out to the owner through their website."
Sweetheart Placemat,2. Easy,,,Weight 2 - Fine,4 mm (G-6),Tunisian Simple Stitch,Pink,"Crochet Home Décor This pattern is shown as a part of our partner program . EasyCrochet.com did not create this pattern. For support on this crochet pattern, please reach out to the owner through their website."
Egg Warmer Cozy Pattern,2. Easy,,,Weight 3 - Light,5 mm (H-8),"Single Crochet , Slip Stitch",Blue,"Crochet Holiday This pattern is shown as a part of our partner program . EasyCrochet.com did not create this pattern. For support on this crochet pattern, please reach out to the owner through their website."
21 Adorable and Free Bunny Crochet Patterns for Easter,,,,,,,,
15 Easy & Free St. Patrick’s Day Crochet Patterns,,,,,,,,
10 Best Crochet Easter Egg Patterns,,,,,,,,
Quick Crochet Snowflake Ornament,2. Easy,,,,,,,"Christmas Crochet Patterns This pattern is shown as a part of our partner program . EasyCrochet.com did not create this pattern. For support on this crochet pattern, please reach out to the owner through their website."
Crochet Mini Santa Hat Ornament,2. Easy,,,,,Single Crochet,,"Christmas Crochet Patterns This pattern is shown as a part of our partner program . EasyCrochet.com did not create this pattern. For support on this crochet pattern, please reach out to the owner through their website."
